{
  "El Gironès": [
    {
      "id": 109,
      "nom": "Pi de can Salvador",
      "matricula": "AM20.089.01",
      "taxon": "Pinus pinea",
      "tipologia": "",
      "terme_municipal": "Llagostera",
      "comarca": "El Gironès",
      "propietat": "Privada  ",
      "classificacio_etnoecologica": "Funcional - fites",
      "informacio_etnoecologica": "Mort el 2006. És probable que l'arbre fes de fita de terme dividint els termes de Llagostera (Gironès) i Santa Cristina d'Aro (Baix Empordà), si bé tradicionalment els propietaris l'han considerat de Llagostera.",
      "observacions": "",
      "bibliografia": "Generalitat de Catalunya (2022). Pi de can Salvador. Recuperat de https://mediambient.gencat.cat/ca/05_ambits_dactuacio/patrimoni_natural/arbres-monumentals/am_arbres_monumentals_fitxes/girones/pi-de-can-salvador-mx/index.html",
      "vots": 0
    }
  ],
  "Alt Empordà": [
    {
      "id": 79,
      "nom": "Suro del mas Perxés",
      "matricula": "AM02.001.01",
      "taxon": "Quercus suber",
      "tipologia": "",
      "terme_municipal": "Agullana",
      "comarca": "Alt Empordà",
      "propietat": "Privada  ",
      "classificacio_etnoecologica": "Funcional - simbòlic",
      "informacio_etnoecologica": "Aquest arbre, a part de la seva destacada importància monumental per les seves grans dimensions, té una remarcable significança històrica perquè va ser testimoni del tràgic final de la República Espanyola. Això és degut al fet que es troba molt a prop del coll del Portell, on hi havia un pas estratègic i clandestí que duia fins a França, país de destinació de milers d'exiliats; és per això que també és conegut com el suro de l'Exili.\nAquest espectacular arbre ha estat testimonis de fets destacables dins de la nostra història recent, ja que mas Perxés, entre el 31 de gener i el 5 de febrer de l'any 1939, va ser l'última seu institucional de la política i la cultura catalanes a la República, acollint un bon grapat d'intel·lectuals i polítics catalans (fins a 200 persones) cap a l'exili: Lluís Companys, Pompeu Fabra, Joan Oliver, Mercè Rodoreda, etc. Durant la Guerra Civil (1936-1939), la finca va ser incautada. Es volia tallar l'arbre, però els llenyataires, que eren gent del poble, llançaren les picasses i es negaren en rodó a complir aquesta ordre.\nLa població d'Agullana va ser, durant els segles XVIII, XIX i XX, un important centre de la indústria del suro, arribant a tenir, a inicis del segle XX, fins a quaranta fàbriques sureres, fent valdre una altra gran tasca de les alzines sureres de la població.",
      "observacions": "",
      "bibliografia": "Boada, M. & Boada A., (2011). Suro de Mas Perxés. Dins Arbres remarcables de Catalunya. 100 ombres colossals. (pp. 50-51) Figueres: Brau. \nGeneralitat de Catalunya (s.d.). Suro de Mas Perxés. Recuperat de https://mediambient.gencat.cat/ca/05_ambits_dactuacio/patrimoni_natural/arbres-monumentals/am_arbres_monumentals_fitxes/alt-emporda-12/suro-del-max-perxes/index.html\nSalines Bassegoda (s.d.). Suro de Mas Perxés. Recuperat de https://www.salines-bassegoda.org/ca/natura/arbres-monumentals/suro-del-mas-perxes/. ",
      "vots": 0
    },
    {
      "id": 80,
      "nom": "El Fadrí",
      "matricula": "AM02.001.02",
      "taxon": "Quercus suber",
      "tipologia": "",
      "terme_municipal": "Agullana",
      "comarca": "Alt Empordà",
      "propietat": "Privada  ",
      "classificacio_etnoecologica": "Funcional - simbòlic",
      "informacio_etnoecologica": "S'anomena \"El Fadrí\" perquè, en un deisg de les generacions de propietaris, mai se li ha llevat l'escorça, com és habitual i lògic en aquesta mena d'arbres. La seva vida està lligada a la història i anècdotes d'aquesta gran pairalia de can Bech.\nAl igual que el Suro de mas Perxés, va ser testimoni de refugiats de la República Espanyola. Així mateix, també can Bec de Baix va tenir el seu moment esplendorós, en acollir, en el mateix moment, el president del Govern espanyol, Juan Negrín. ",
      "observacions": "",
      "bibliografia": "Gurri i Serra, F., (1992).  Agullana, embotida dins l'Empordà. Dins Pobles de Catalunya. (pp. 19-20) Barcelona: L'Abadia de Montserrat\nVinyeta, R. (1985). El suro \"El Fadrí\" de can Bech de Baix. Dins Arbres monumentals de Catalunya. (p. 108) Torelló: Celblau",
      "vots": 0
    },
    {
      "id": 81,
      "nom": "Roure dels Capellans o Roure de la Font del Bac",
      "matricula": "AM02.003.01",
      "taxon": "Quercus pubescens",
      "tipologia": "",
      "terme_municipal": "Albanyà",
      "comarca": "Alt Empordà",
      "propietat": "Pública",
      "classificacio_etnoecologica": "Funcional - simbòlic",
      "informacio_etnoecologica": "Darrers roures que queden en peu ja que s'utilitzaren per fer travesses de tren. És el roure de més volt de canó de Catalunya.. Es deia: \"Per abraçar-lo es necessiten set capellans\". Segons deia Martí Renart o Martí de les Arcades (1960): \"És tan gros que caldria un xurrac de 22 pams per xurracar-lo\".",
      "observacions": "",
      "bibliografia": "Generalitat de Catalunya (s.d.). Roure dels Capellans (Roure de la Font del Bac). Recuperat de https://mediambient.gencat.cat/ca/05_ambits_dactuacio/patrimoni_natural/arbres-monumentals/am_arbres_monumentals_fitxes/alt-emporda-12/roure-dels-capellans-roure-de-la-font-del-bac/index.html \nAmics arbres (2018.). Recuperat de https://amicsarbres.blogspot.com/2018/02/arbres-emblematics-simbolics.html",
      "vots": 0
    },
    {
      "id": 82,
      "nom": "Plàtana Grossa d'en Massot",
      "matricula": "AM02.060.01",
      "taxon": "Platanus × hispanica",
      "tipologia": "",
      "terme_municipal": "Darnius",
      "comarca": "Alt Empordà",
      "propietat": "Privat",
      "classificacio_etnoecologica": "Atractors turísitics",
      "informacio_etnoecologica": "Diuen que depèn com li toca el sol fa una ombra que recorda una orella. Aquest fet que evoca una història de bandolers: en Massot era un jove de l’important família del sector industrial de Can Massot del segle XIX, que l’any 1845 va ser segrestat per uns bandolers trabucaires que assaltaren la diligència de Barcelona en què viatjava. Demanaren un rescat i donaren proves que estava viu enviant les seves orelles a la família. Malgrat tot, el segrestat fou assassinat.",
      "observacions": "",
      "bibliografia": "\nBoada, M. & Boada A., (2011). Plàtan del Massot. Dins Arbres remarcables de Catalunya. 100 ombres colossals. (pp. 48-49) Figueres: Brau. \nPlanntipodes-AM (2022). Platana Grossa d'en Massot. Recuperat de \nhttps://www.plantipodes-am.cat/fitxes/platanamassot.html",
      "vots": 0
    },
    {
      "id": 83,
      "nom": "El Suratell",
      "matricula": "AM02.086.01",
      "taxon": "Quercus suber  ",
      "tipologia": "",
      "terme_municipal": "La Jonquera  ",
      "comarca": "Alt Empordà",
      "propietat": "Privada  ",
      "classificacio_etnoecologica": "",
      "informacio_etnoecologica": "",
      "observacions": "",
      "bibliografia": "",
      "vots": 0
    },
    {
      "id": 84,
      "nom": "Arbre de la Llibertat",
      "matricula": "AM02.092.01",
      "taxon": "Platanus × hispanica",
      "tipologia": "",
      "terme_municipal": "Llançà",
      "comarca": "Alt Empordà",
      "propietat": "Pública",
      "classificacio_etnoecologica": "Polítics",
      "informacio_etnoecologica": "La plantació d'arbres simbolitzant la llibertat dels homes i de les societats correspon a un concepte que es va difondre bàsicament a partir de la revolució francesa de l'any 1789. Segons un poema de Pere Purcallas, exalcalde de la vila de Llançà, l'arbre fou plantat l'any 1870. Aquesta dada contrasta clarament amb l'any gravat al sòcol original, 1684. Popularment es creu que aquest element pertanyia al brocal d'un pou públic situat a la plaça Major, que posteriorment es convertí en una font, mitjançant la col·locació d'una cúpula de pedra i una bomba per extreure aigua. El brocal no es podia mantenir i fou col·locat com a socalada de l'arbre.\nEl 1987 fou declarat Arbre Monumental per la Generalitat de Catalunya. Després de la Revolució Francesa, el plàtan fou considerat l'arbre que simbolitzava la Llibertat i sota aquest ideal fou plantat a molts llocs. És per això que al final de la Guerra Civil (1936-1939) un escamot de soldats dedicat a la supressió de símbols liberals l'anava a tallar, però va ser aturat pel rector, que hagué de fer valer el seu grau militar de capellà castrense per salvar el gran arbre de la plaça.",
      "observacions": "",
      "bibliografia": "Generalitat de Catalunya (s.d..). L'arbre de la llibertat. Recuperat de https://invarquit.cultura.gencat.cat/card/19794",
      "vots": 0
    },
    {
      "id": 85,
      "nom": "La Pubilla",
      "matricula": "AM02.102.01",
      "taxon": "Quercus suber",
      "tipologia": "",
      "terme_municipal": "Maçanet de Cabrenys",
      "comarca": "Alt Empordà",
      "propietat": "Privada",
      "classificacio_etnoecologica": "Funcional - simbòlic",
      "informacio_etnoecologica": "És la surera de canó més gruixut mesurada a Catalunya i va ser batejada amb el nom de \"la Pubilla\", i així podia ser la parella de “l'Hereu”, una altra surera de mides semblants, que es trobava al camí de les Creus, morta ja fa anys (Generalitat s.d.). Li calculen un mínim de 250 anys.",
      "observacions": "",
      "bibliografia": "Generalitat de Catalunya (s.d.). La Pubilla. Recuperat de https://mediambient.gencat.cat/ca/05_ambits_dactuacio/patrimoni_natural/arbres-monumentals/am_arbres_monumentals_fitxes/alt-emporda-12/la-pubilla/index.html",
      "vots": 0
    },
    {
      "id": 86,
      "nom": "Alzina de la Font de Can Massanet",
      "matricula": "AM02.221.01",
      "taxon": "Quercus ilex ilex",
      "tipologia": "",
      "terme_municipal": "Vilafant",
      "comarca": "Alt Empordà",
      "propietat": "Privada  ",
      "classificacio_etnoecologica": "Funcional - simbòlic",
      "informacio_etnoecologica": "Aquesta alzina ha crescut a sobre de la Font de Can Massanet, de la que ha begut durant tots aquests anys, així s’explica el seu fort creixement ja que està regada constantment. Situada dins del terreny de la casa pairal de Can Puig Massanet, és d’accés públic seguint el camí des del nucli antic. Aquesta font, junt amb la alzina, fou i segueix essent un punt d’unió del poble. La font reunia els veïns de Vilafant, que venien a berenar o a passar la tarda a la ombra de l’arbre. Era tan popular aquesta font com a punt d’unió i disbauxa, que en Manuel Bertran li dedicà una sardana l’any 1945.",
      "observacions": "",
      "bibliografia": "Vilafant - Arxiu digital històricosocial (2019). L’alzina centenària de Vilafant. Recuperat de https://arxiuvilafant.home.blog/2019/06/10/lalzina-centenaria-de-vilafant/",
      "vots": 0
    },
    {
      "id": 87,
      "nom": "Alzines Bessones de mas Nebot o Alzines Grosses del Bosquet",
      "matricula": "AM02.228.01",
      "taxon": "Quercus ilex ilex",
      "tipologia": "",
      "terme_municipal": "Vilanant",
      "comarca": "Alt Empordà",
      "propietat": "Privada  ",
      "classificacio_etnoecologica": "",
      "informacio_etnoecologica": "L'escriptora Montserrat Vayreda i Trulloll deia (desembre 1987, \"L’Empordà Federal\", 10): \"El primer que us acull és un alzinar amb aires de parc natural, espès i ombriu, sever i majestuós, escatifat de fulles que cruixeixen. Les branques més altes s'entrecreuen, se saluden, encaixen, bescavien ocells i regalims de llum. Dues de les alzines són superbes. La copa que les cobreix fa 25 metres de diàmetre, i la soca 3,5 de circumferència. Cada branca, si fos abatuda, tindria l'aparença d'una altra alzina\".",
      "observacions": "",
      "bibliografia": "Generalitat de Catalunya (s.d.). Alzines Bessones de Mas Nebot l, ll (Alzines Grosses del Bosquet). Recuperat de https://mediambient.gencat.cat/ca/05_ambits_dactuacio/patrimoni_natural/arbres-monumentals/am_arbres_monumentals_fitxes/alt-emporda-12/alzines-bessones-de-mas-nebot-l-ll-alzines-grosses-del-bosquet/index.html",
      "vots": 0
    },
    {
      "id": 88,
      "nom": "Plàtan de can Compte",
      "matricula": "AM02.042.01",
      "taxon": "Platanus × hispanica",
      "tipologia": "",
      "terme_municipal": "Capmany",
      "comarca": "Alt Empordà",
      "propietat": "Privada  ",
      "classificacio_etnoecologica": "",
      "informacio_etnoecologica": "",
      "observacions": "",
      "bibliografia": "",
      "vots": 0
    },
    {
      "id": 89,
      "nom": "Plàtan de la Plaça",
      "matricula": "AM02.054.01",
      "taxon": "Platanus × hispanica",
      "tipologia": "",
      "terme_municipal": "Colera",
      "comarca": "Alt Empordà",
      "propietat": "Pública",
      "classificacio_etnoecologica": "Polítics",
      "informacio_etnoecologica": "Com a conseqüència de la Revolució Francesa es plantaren nombrosos plàtans arreu del país, però d’una manera molt especial a les contrades empordaneses i selvatanes.\nEren arbres que mitjançant pedrissos, bancs o espais públics estesos a la seva empara escenificaven la llibertat.\nL'any 1898, amb Pere Homs Guanter, com a alcalde de Colera (en aquell temps barri del municipi de Portbou) es va procedir a la plantada del plàtan centenari que presideix la Plaça Pi i Margall, juntament amb 13 arbres més a les cantonades de la plaça que més tard es van haver d'arrancar perquè obstaculitzaven el pas de carros i carretons.\nActualment ocupa tota la plaça, i fa ombra a les terrasses dels cafès.",
      "observacions": "",
      "bibliografia": "Generalitat de Catalunya (2021). Plàtan de la plaça de Colera . Recuperat de https://mediambient.gencat.cat/ca/05_ambits_dactuacio/patrimoni_natural/arbres-monumentals/am_arbres_monumentals_fitxes/alt-emporda-12/platan-de-la-placa-de-colera/index.html",
      "vots": 0
    },
    {
      "id": 90,
      "nom": "Faig de la Pedra",
      "matricula": "AM02.086.02",
      "taxon": "Fagus sylvatica",
      "tipologia": "",
      "terme_municipal": "La Jonquera",
      "comarca": "Alt Empordà",
      "propietat": "Privada",
      "classificacio_etnoecologica": "Funcional - simbòlic",
      "informacio_etnoecologica": "EL Faig de la Pedra és un exemplar de grans dimensions que suporta una pedra de granit d’uns 700 kg a la bifurcació d’una de les besses principals a uns 3 metres de terra.  La cultura popular autòctona ha donat una explicació llegendària d’homes forçuts i ferrenys: Contaven els avis que fa uns 100 o 200 anys, el masover del mas de Mirapols i el del mas de les Vinyasses estaven enfrontats, els dos masos es troben equidistants del Faig. En els màxims moments de crisi i empipament, per descarregar la seva còlera tenien el costum, forts com eren, de tirar-se pedres des de cada mas. La pedra del Faig seria doncs, fruit d’aquestes baralles, una roca que afortunadament no arribà al seu objectiu. (Llegenda explicada per Tomàs Masó a Lluís Serrano, 2011)",
      "observacions": "",
      "bibliografia": "Generalitat de Catalunya (s.d.). Faig de la Pedra. Recuperat de https://mediambient.gencat.cat/ca/05_ambits_dactuacio/patrimoni_natural/arbres-monumentals/am_arbres_monumentals_fitxes/alt-emporda-12/faig-de-la-pedra/index.html",
      "vots": 0
    }
  ],
  "El Baix Empordà": [
    {
      "id": 91,
      "nom": "Alzina de Mas Salelles",
      "matricula": "AM10.901.01",
      "taxon": "Quercus ilex ilex",
      "tipologia": "",
      "terme_municipal": "Cruïlles, Monells i Sant Sadurní de l'Heura",
      "comarca": "El Baix Empordà",
      "propietat": "Pública  ",
      "classificacio_etnoecologica": "",
      "informacio_etnoecologica": "Mort el 2005 pel banyarriquer del roure (Cerambyx cerdo)",
      "observacions": "",
      "bibliografia": "",
      "vots": 0
    },
    {
      "id": 92,
      "nom": "Arboç de can Genoer",
      "matricula": "AM10.901.02",
      "taxon": "Arbustus unedo",
      "tipologia": "",
      "terme_municipal": "Cruïlles, Monells i Sant Sadurní de l'Heura",
      "comarca": "El Baix Empordà",
      "propietat": "Privada  ",
      "classificacio_etnoecologica": "Funcional - simbòlic, polític",
      "informacio_etnoecologica": "Madrenes, 2004 cita: \"Per tradició oral he sabut que fa 125 anys ja era gros, ja que l'avia d'en Ramon Sabater, pelador, fill del mas Matas, era filla de can Genoer i és l'edat que tindria el 1999, i deia que sempre l'havia vist gros.\". Continua citant algunes llegendes que parlen d'un lladre que va ser penjat de l'Arboç pels voltants de la Guerra del Francès (1808-12), aleshores tindria molt més de 200 anys.",
      "observacions": "",
      "bibliografia": "Generalitat de Catalunya (2021). Arboç de can Genoer. Recuperat de https://mediambient.gencat.cat/ca/05_ambits_dactuacio/patrimoni_natural/arbres-monumentals/am_arbres_monumentals_fitxes/baix-emporda-4/arboc-de-can-genoer/index.html",
      "vots": 0
    },
    {
      "id": 93,
      "nom": "Llentiscle de Torrent",
      "matricula": "AM10.197.01",
      "taxon": "Pistacia lentiscus",
      "tipologia": "",
      "terme_municipal": "Torrent",
      "comarca": "El Baix Empordà",
      "propietat": " Pública",
      "classificacio_etnoecologica": "Polítics",
      "informacio_etnoecologica": "Dona nom al butlletí informatiu i cultural de l'Ajuntament: El Llentiscle de Torrent  des de desembre 2009. És un arbre molt popular en divulgar-se i glossar-se la seva existència en diaris i altres publicacions.",
      "observacions": "",
      "bibliografia": "Plantipodes-AM (2023). Llentiscle de Torrent. Recuperat de https://www.plantipodes-am.cat/fitxes/llentiscletorrent.html\nVinyeta, R. (1985). El Llentiscle de Torrent d'Empordà. Dins Arbres monumentals de Catalunya. (p. 126) Torelló: Celblau",
      "vots": 0
    },
    {
      "id": 94,
      "nom": "Pi Gros d'en Cama o Pi de Romanyà",
      "matricula": "AM10.181.01",
      "taxon": "Pinus pinea",
      "tipologia": "",
      "terme_municipal": "Romanyà",
      "comarca": "El Baix Empordà",
      "propietat": " Pública",
      "classificacio_etnoecologica": "",
      "informacio_etnoecologica": "L'any 2010 es va reforçar amb cables, ja que va començar a inclinar-se a causa de l'excés d'humitat al sòl. Malauradament, després d'una tramuntanada forta l'arbre va caure. El 2015-02-18 era tombat a terra. Mentre es feien els passos per conservar-ne el tronc mort o fer-ne alguna rodanxa, la fusta caiguda va ser objecte d'un furt.",
      "observacions": "",
      "bibliografia": "Plantipodes-AM (2023). Pi Gros d'en Cama (Pi de Romanyà). Recuperat de https://www.plantipodes-am.cat/fitxes/pigroscama.html",
      "vots": 0
    }
  ],
  "La Selva": [
    {
      "id": 123,
      "nom": "Alzina de les Famades",
      "matricula": "AM34.007.01",
      "taxon": "Quercus ilex ilex",
      "tipologia": "",
      "terme_municipal": "Amer",
      "comarca": "La Selva",
      "propietat": "Pública  ",
      "classificacio_etnoecologica": "Ramader- energètic, alimentari - carbohidrats, fècula i altres",
      "informacio_etnoecologica": "Aquesta alzina destaca no només per les seves mides, sinó també per la seva gran producció d'aglans, ja que es calcula que en pot arribar a fer uns 660 kg l'any que serveixen d'aliment a tota la fauna local. És un excepcional exemplar per la seva grandiositat i bellesa, i es diu que pot tenir més de 500 anys. ",
      "observacions": "",
      "bibliografia": "El Meandre (s.d.). L’Alzina de Famades: un gegant generós. Recuperat de https://www.elmeandre.cat/sortides/sortides-naturalistiques/lalzina-de-famades-un-gegant-generos/\nVinyeta, R. (1985). L'alzina de les Famades. Dins Arbres monumentals de Catalunya. (p. 52) Torelló: Celblau.",
      "vots": 0
    },
    {
      "id": 124,
      "nom": "Roure de can Puig",
      "matricula": "AM34.007.02",
      "taxon": "Quercus pubescens",
      "tipologia": "",
      "terme_municipal": "Amer",
      "comarca": "La Selva",
      "propietat": "Pública  ",
      "classificacio_etnoecologica": "Funcional - simbòlic, atractor turístic",
      "informacio_etnoecologica": "S'havia anomenat també Roure de la Parada i era un indret visitat per tots els habitants d'Amer i rodalies (Puig, A. 2006)",
      "observacions": "",
      "bibliografia": "",
      "vots": 0
    },
    {
      "id": 125,
      "nom": "Arbre de la Llibertat",
      "matricula": "AM34.009.01",
      "taxon": "Platanus × hispanica",
      "tipologia": "",
      "terme_municipal": "Arbúcies  ",
      "comarca": "La Selva",
      "propietat": "Pública  ",
      "classificacio_etnoecologica": "Religiós, polític, funcional - simbòlic",
      "informacio_etnoecologica": "L'arbre de la Plaça de la Vila, anomenat Arbre de la Llibertat, és un dels signes d'identitat de la vila d'Arbúcies i dóna ombra a la plaça de l'Església, indret d'inspiració per a molts pintors i poetes. Aquest plàtan va ser plantat l'any 1873 per commemorar la Revolució de Setembre de 1868 i com a símbol de llibertat en plena Guerra Carlina (1872-1876). D'aquí el seu nom d'\"Arbre de la Llibertat\" L'any 1875, les forces de la I Divisió de l'Exèrcit Reial de Catalunya van intentar arrencar l'arbre per la significació que tenia. Malgrat tot i gràcies a les súpliques del mossèn del poble, el general Auguety cedí i a canvi demanà que es posés un rètol amb el nom \"Arbre d'esplai\".",
      "observacions": "",
      "bibliografia": "Generalitat de Catalunya (2022). Arbre de la Llibertat d'Arbúcies. Recuperat de https://mediambient.gencat.cat/ca/05_ambits_dactuacio/patrimoni_natural/arbres-monumentals/am_arbres_monumentals_fitxes/selva-17/arbre-de-la-llibertat-darbucies/index.html",
      "vots": 0
    },
    {
      "id": 126,
      "nom": "Càdec de Boixaus",
      "matricula": "AM34.009.02",
      "taxon": "Juniperus oxycedrus  ",
      "tipologia": "",
      "terme_municipal": "Arbúcies  ",
      "comarca": "La Selva",
      "propietat": "Privada  ",
      "classificacio_etnoecologica": "Alimentari - reclamadors de proteïnes",
      "informacio_etnoecologica": "Els gàlbuls que anualment forneix l'arbre a la tardor i a l'hivern són una poderosa atracció de fauna, particularment ocells de la família dells túrdids, la griva, el tord i la merla. Antigament la disponibilitat de proteïna en els masos de muntanya era molt baixa; aleshores la captura de fauna boscana era un recurs molt important.",
      "observacions": "",
      "bibliografia": "Boada, M. & Boada A., (2011). Càdec de Boixaus. Dins Arbres remarcables de Catalunya. 100 ombres colossals. (pp. 200-201) Figueres.: Brau",
      "vots": 0
    },
    {
      "id": 127,
      "nom": "Magnòlia del Roquer",
      "matricula": "AM34.009.03",
      "taxon": "Magnolia grandiflora",
      "tipologia": "",
      "terme_municipal": "Arbúcies  ",
      "comarca": "La Selva",
      "propietat": "Privada  ",
      "classificacio_etnoecologica": "Ornamental - jardí",
      "informacio_etnoecologica": "Considerada la magnòlia més gran d'Europa (havia arribat a tenir 25 metres d'alçada), es troba dins el Jardí Dendrològic del Roquer (plantada el 1873). Posar tota la info de la família dels Roquer? no relacionada directament amb la magnòlia.",
      "observacions": "",
      "bibliografia": "",
      "vots": 0
    },
    {
      "id": 128,
      "nom": "Pi Gros de l'Espinau",
      "matricula": "AM34.116.01",
      "taxon": "Pinus nigra salzmannii",
      "tipologia": "",
      "terme_municipal": "Osor",
      "comarca": "La Selva",
      "propietat": "Privada  ",
      "classificacio_etnoecologica": "Funcional - simbòlic",
      "informacio_etnoecologica": "Va ser declarat amb el nom de \"Pi de Ca n'Iglesies\". L'any 1885 ja es coneixia amb el nom de \"Pi Gros\", el qual va donar nom a la plantació de castanyers prims i espessos que es troba a tocar, la \"Perxada del Pi\"",
      "observacions": "",
      "bibliografia": "Generalitat de Catalunya (2022). Pi Gros de l'Espinau. Recuperat de https://mediambient.gencat.cat/ca/05_ambits_dactuacio/patrimoni_natural/arbres-monumentals/am_arbres_monumentals_fitxes/selva-17/pi-gros-de-lespinau/index.html",
      "vots": 0
    },
    {
      "id": 129,
      "nom": "Roure Gros de ca n'Iglesias",
      "matricula": "AM34.116.02",
      "taxon": "Quercus petraea",
      "tipologia": "",
      "terme_municipal": "Osor",
      "comarca": "La Selva",
      "propietat": "Privada  ",
      "classificacio_etnoecologica": "Funcional - fites",
      "informacio_etnoecologica": "Presideix un espai forestal que té la Molina a pocs minuts. La Molina era una serradora que s'accionava amb aigua o amb una màquina de vapor. La ruta d'en Serrallonga (GR 178) hi passa pel costat.",
      "observacions": "",
      "bibliografia": "Generalitat de Catalunya (2022). Roure Gros de ca n'Iglesias. Recuperat de https://mediambient.gencat.cat/ca/05_ambits_dactuacio/patrimoni_natural/arbres-monumentals/am_arbres_monumentals_fitxes/selva-17/roure-gros-de-ca-niglesias/index.html",
      "vots": 0
    },
    {
      "id": 130,
      "nom": "Alzina de la Coma",
      "matricula": "AM34.116.03",
      "taxon": "Quercus ilex ilex",
      "tipologia": "",
      "terme_municipal": "Osor",
      "comarca": "La Selva",
      "propietat": "Privada  ",
      "classificacio_etnoecologica": "",
      "informacio_etnoecologica": "",
      "observacions": "",
      "bibliografia": "",
      "vots": 0
    },
    {
      "id": 131,
      "nom": "Lledoner de l'Esparra",
      "matricula": "AM34.148.01",
      "taxon": "Celtis australis",
      "tipologia": "",
      "terme_municipal": "Riudarenes",
      "comarca": "La Selva",
      "propietat": "Pública  ",
      "classificacio_etnoecologica": "Polític",
      "informacio_etnoecologica": "Mort el 2007. Plantat el 1812 en ocasió de la Constitució de les Corts de Cadis. Aquest lledoner centenari es troba a la plaça de l’església del poble de l’Esparra.",
      "observacions": "",
      "bibliografia": "Ajuntament de Riudarenes. (2023). El Lledoner de l’Esparra. Recuperat de https://ajuntamentderiudarenes.cat/turisme/llocs-dinteres/el-lledoner-de-lesparra/",
      "vots": 0
    },
    {
      "id": 132,
      "nom": "Pi del Soler de Mansolí",
      "matricula": "AM34.164.01",
      "taxon": "Pinus nigra salzmannii",
      "tipologia": "",
      "terme_municipal": "Sant Hilari Sacalm",
      "comarca": "La Selva",
      "propietat": "Pública  ",
      "classificacio_etnoecologica": "Funcional - simbòlic",
      "informacio_etnoecologica": "El Soler de Mansolí és una de les masies més destacades del municipi. És un gran casal amb solanes o galeries de cara a migdia, arrecerat en un replec del massís de Solterra, renovat al segle XVIII (1728, 1754 i 1771).\nMalgrat el trasbals de les guerres carlines, durant les quals fou convertit en hospital de campanya, i de la Guerra Civil, guarda vells teginats i mobles i és un bell exponent de la potència de la pagesia guillerienca del XVIII.",
      "observacions": "",
      "bibliografia": "Generalitat de Catalunya (2022). Pi del Soler del Mansolí. Recuperat de https://mediambient.gencat.cat/ca/05_ambits_dactuacio/patrimoni_natural/arbres-monumentals/am_arbres_monumentals_fitxes/selva-17/pi-del-soler/index.html",
      "vots": 0
    },
    {
      "id": 133,
      "nom": "Cirerer del Soler de Mansolí",
      "matricula": "AM34.164.02",
      "taxon": "Prunus avium v. silvestris",
      "tipologia": "",
      "terme_municipal": "Sant Hilari Sacalm",
      "comarca": "La Selva",
      "propietat": "Pública  ",
      "classificacio_etnoecologica": "Funcional - simbòlic",
      "informacio_etnoecologica": "Mort el 2013. El Soler de Mansolí és una de les masies més destacades del municipi. És un gran casal amb solanes o galeries de cara a migdia, arrecerat en un replec del massís de Solterra, renovat al segle XVIII (1728, 1754 i 1771).\nMalgrat el trasbals de les guerres carlines, durant les quals fou convertit en hospital de campanya, i de la Guerra Civil, guarda vells teginats i mobles i és un bell exponent de la potència de la pagesia guillerienca del XVIII.",
      "observacions": "",
      "bibliografia": "Generalitat de Catalunya (2022). Cirerer del Soler de Mansolí. Recuperat de https://mediambient.gencat.cat/ca/05_ambits_dactuacio/patrimoni_natural/arbres-monumentals/am_arbres_monumentals_fitxes/selva-17/cirerer-del-soler-de-mansoli-mi/index.html",
      "vots": 0
    },
    {
      "id": 134,
      "nom": "Es Roure de Bon Retir",
      "matricula": "AM34.202.01",
      "taxon": "Quercus pubescens",
      "tipologia": "",
      "terme_municipal": "Tossa de Mar",
      "comarca": "La Selva",
      "propietat": "Privada  ",
      "classificacio_etnoecologica": "",
      "informacio_etnoecologica": "La persistència d'arbres d'aquesta envergadura, en àrees humanitzades, respon a criteris culturals, particularment fiters, és a dir, indiquen límits de propietat o de terme municipal, que al llarg del temps són un referent topogràfic important.",
      "observacions": "",
      "bibliografia": "Boada, M. & Boada A., (2011). Es Roure del Bon Retir. Dins Arbres remarcables de Catalunya. 100 ombres colossals. (pp. 204-205) Figueres.: Brau",
      "vots": 0
    },
    {
      "id": 135,
      "nom": "Suro de can Magre",
      "matricula": "AM34.213.01",
      "taxon": "Quercus suber",
      "tipologia": "",
      "terme_municipal": "Vidreres",
      "comarca": "La Selva",
      "propietat": "Pirvada",
      "classificacio_etnoecologica": "",
      "informacio_etnoecologica": "Aquesta surera de més de 300 anys d'edat estimada, es troba situada en un marge vora la casa de Can Magre",
      "observacions": "",
      "bibliografia": "",
      "vots": 0
    },
    {
      "id": 136,
      "nom": "Suro de l'Hort de Caulés",
      "matricula": "AM34.213.02",
      "taxon": "Quercus suber",
      "tipologia": "",
      "terme_municipal": "Vidreres",
      "comarca": "La Selva",
      "propietat": "Pirvada",
      "classificacio_etnoecologica": "",
      "informacio_etnoecologica": "",
      "observacions": "",
      "bibliografia": "",
      "vots": 0
    },
    {
      "id": 137,
      "nom": "Freixe de l'Aulet",
      "matricula": "AM34.213.03",
      "taxon": "Fraxinus angustifolia",
      "tipologia": "",
      "terme_municipal": "Vidreres",
      "comarca": "La Selva",
      "propietat": "Privada",
      "classificacio_etnoecologica": "Funcional - simbòlic",
      "informacio_etnoecologica": "Freixe més gruixut de tot Catalunya. El tronc és buit per dintre i es pot entrar i veure les seves marques de creixement cortical. És un arbre masegtat pels anys  i per l'abandó humà. Marca el declivi de l'activitat del mas que li feia atenció. Ambdós es retroalimentaven: l'activitat pagesa declina, declina el freixe, un exemple clar d'històries inseparables.",
      "observacions": "",
      "bibliografia": "Boada, M. & Boada A., (2011). Freixe de l'Aulet. Dins Arbres remarcables de Catalunya. 100 ombres colossals. (pp. 202-203) Figueres.: Brau",
      "vots": 0
    },
    {
      "id": 138,
      "nom": "Suro de can Ferrer",
      "matricula": "AM34.148.02",
      "taxon": "Quercus suber",
      "tipologia": "",
      "terme_municipal": "Sant Hilari Sacalm",
      "comarca": "La Selva",
      "propietat": "Pública  ",
      "classificacio_etnoecologica": "",
      "informacio_etnoecologica": "Mort el 1994.",
      "observacions": "",
      "bibliografia": "",
      "vots": 0
    },
    {
      "id": 139,
      "nom": "Surolí de cal Músic",
      "matricula": "AM34.101.01",
      "taxon": "Quercus × morisii",
      "tipologia": "",
      "terme_municipal": "Massanes",
      "comarca": "La Selva",
      "propietat": "Privada  ",
      "classificacio_etnoecologica": "",
      "informacio_etnoecologica": "Surolí més gran de tota Catalunya",
      "observacions": "",
      "bibliografia": "",
      "vots": 0
    }
  ],
  "La Garrotxa": [
    {
      "id": 100,
      "nom": "Roures d'Ormoier",
      "matricula": "AM19.109.01",
      "taxon": "Quercus robur",
      "tipologia": "",
      "terme_municipal": "Montagut",
      "comarca": "La Garrotxa",
      "propietat": "Pública  ",
      "classificacio_etnoecologica": "Productor d'eines, Funcional - simbòlic",
      "informacio_etnoecologica": "L'any 1748, el rei Ferran VI, va declarar boscos de la Marina Reial, els boscos que es trobaven a menys de \"25 leguas\" (138 km) de costes i rius navegables, i podien marcar i tallar els arbres que consideraven idonis per a la construcció naval. Aquests roures, sembla que van ser marcats, per això també es coneixen a la comarca com a Roures del Rei.\nEs troben situats a l'esplanada de Plancesilles, prop de la masia de Cabesses.",
      "observacions": "",
      "bibliografia": "Boada, M. & Boada A., (2011). Roures d'Hortmoier I, II i IV. Dins Arbres remarcables de Catalunya. 100 ombres colossals. (pp. 128-129) Figueres.: Brau",
      "vots": 0
    },
    {
      "id": 101,
      "nom": "Roureda del Parc Nou",
      "matricula": "AM19.114.01",
      "taxon": "Quercus robur",
      "tipologia": "",
      "terme_municipal": "Olot",
      "comarca": "La Garrotxa",
      "propietat": "Pública",
      "classificacio_etnoecologica": "",
      "informacio_etnoecologica": "Situat aprop del museu de volccans de la Garrotxa",
      "observacions": "",
      "bibliografia": "",
      "vots": 0
    },
    {
      "id": 102,
      "nom": "Roure de la Xoriguera",
      "matricula": "AM19.133.01",
      "taxon": "Quercus pubescens  ",
      "tipologia": "",
      "terme_municipal": "les Planes d'Hostoles",
      "comarca": "La Garrotxa",
      "propietat": "Privada",
      "classificacio_etnoecologica": "Polítics",
      "informacio_etnoecologica": "A la finca de la Xoriguera existia una roureda d'exemplars magnífics. Quan l'any 1908, el propietari va decidir tallar la roureda, la seva família li ho retragué, aleshores, el propietari va decidir no deixar tallar 12 dels roures, però li calgué pagar 15 duros per cada un d'ells. Aquest Roure és un d'aquests 12 escollits.\n\"Pels volts dels anys 30, en plena Guerra Civil, el senyor Pere, el propietari del Bosc de la Xuriguera es va vendre tots els arbres per tallar-los, ja que en aquella època la fusta tenia un altre preu i els boscos eren molt més rendibles que no pas ara. El cas és que el senyor Pere va tenir remordiments un cop feta la venda, ja que hi havia arbres tan enormes que era difícil veure’n altres d’iguals per allà a prop. El que va fer va ser comprar 10 arbres, molt més cars del preu que els havia venut, però gràcies a aquesta acció avui dia podem gaudir d’aquest magnífic exemplar i de dos més: el roure de la Partió situat just al límit entre la Garrotxa i la Selva, i el roure de Font d'Àliga situat a prop de la font del mateix nom. Què va passar amb els altres 7 arbres? De moment no se sap si són vius o morts, però és un assumpte pendent d’investigar i formarà part d’una altre història\".\nLa inscripció de Maria de Cabanyes gravada a una pedra l'honora el nostre Roure:\n\"Ets un arbre ferm i altiu,\nque es va salvar d'una forta talada,\namb el pas dels anys molt més joliu,\ndesafiant el sol, el vent i la gebrada\".\n",
      "observacions": "",
      "bibliografia": "Orús, E., (2007). 120 Grans Arbres del Pirineu Català i d'Andorra. Sant Vicenç de Castellet: Farell\nPlantipodes-AM (2023). Roure de la Xoriguera. Recuperat de https://www.plantipodes-am.cat/fitxes/rourexoriguera.html",
      "vots": 0
    },
    {
      "id": 103,
      "nom": "Teix del Torrent de l'Orri",
      "matricula": "AM19.154.01",
      "taxon": "Taxus baccata",
      "tipologia": "",
      "terme_municipal": "Sales de Llierca",
      "comarca": "La Garrotxa",
      "propietat": "Privada",
      "classificacio_etnoecologica": "Funcional - simbòlic",
      "informacio_etnoecologica": "Fa segles que el teix contempla el pas del temps en el fondal de l'Orri. Des de temps immemorials ha  donat aixopluc quasi espiritual als traginers i bosquerols anònims i humils. La seva singularitat be donada per la naturalesa de bosc tancat iu inhòspit de l'hàbitat que l'aixopluga.",
      "observacions": "",
      "bibliografia": "Boada, M. & Boada A., (2011). Teix del Torrent de l'Orri. Dins Arbres remarcables de Catalunya. 100 ombres colossals. (pp. 130-131) Figueres.: Brau",
      "vots": 0
    },
    {
      "id": 104,
      "nom": "Roure de la Mestressa",
      "matricula": "AM19.207.01",
      "taxon": "Quercus pubescens  ",
      "tipologia": "",
      "terme_municipal": "la Vall d'en Bas",
      "comarca": "La Garrotxa",
      "propietat": "Pública",
      "classificacio_etnoecologica": "Funcional - simbòlic",
      "informacio_etnoecologica": "Es diu que el nom de l'arbre venia del fet que, en temps passats, la mestressa de la casa s'hi arrecerava per descansar en tornar de l'hort, i que en assabentar-se que el volien tallar s'hi va negar pel servei i el profit que en treia. Mort el 2007.",
      "observacions": "",
      "bibliografia": "Generalitat de Catalunya (2021). Roure de la Mestressa. Recuperat de https://mediambient.gencat.cat/ca/05_ambits_dactuacio/patrimoni_natural/arbres-monumentals/am_arbres_monumentals_fitxes/garrotxa-7/roure-de-la-mestressa-mi/index.html \nArbres amb història. (2011). Aulina i Roure de la Mestressa (aquest darrer s’esmenta perquè va caure l’any 2007). Retrieved from https://arbresambhistoria.blogspot.com/2011/08/aulina-de-pujolriu-i-roure-de-la.html",
      "vots": 0
    },
    {
      "id": 105,
      "nom": "Roure de can Planes I",
      "matricula": "AM19.208.01",
      "taxon": "Quercus pubescens  ",
      "tipologia": "",
      "terme_municipal": "La Vall de Bianya  ",
      "comarca": "La Garrotxa",
      "propietat": "Privada  ",
      "classificacio_etnoecologica": "",
      "informacio_etnoecologica": "Segons l'actual masover, Sr. Juan Vañó, sembla que els roures podrien tenir la mateixa edat que els roures del Rei d'Hortmoier.",
      "observacions": "",
      "bibliografia": "",
      "vots": 0
    },
    {
      "id": 106,
      "nom": "Roure de can Planes II",
      "matricula": "SenseMatricula1",
      "taxon": "Quercus pubescens  ",
      "tipologia": "",
      "terme_municipal": "La Vall de Bianya  ",
      "comarca": "La Garrotxa",
      "propietat": "Privada  ",
      "classificacio_etnoecologica": "",
      "informacio_etnoecologica": "",
      "observacions": "",
      "bibliografia": "",
      "vots": 0
    },
    {
      "id": 107,
      "nom": "Roures de la Torre I (mort)",
      "matricula": "AM19.208.02",
      "taxon": "Quercus robur  ",
      "tipologia": "",
      "terme_municipal": "Vall de Bianya  ",
      "comarca": "La Garrotxa",
      "propietat": "Privada",
      "classificacio_etnoecologica": "Ornamental - artístic, Ramader - amorriador i ombrejador",
      "informacio_etnoecologica": "Ens indiquen que les ovelles, quan hi havia grans ramats, s'hi aplegaven a sota, com també en altres grans roures que hi havia a la zona. El gran pintor Joaquim Vayreda (1843-1894) ha deixat quadres amb aquests paisatges. Un d'aquests, anomenat \"Els roures de Bianya\", fa referència als que hi ha a la finca de la Torre, de la qual la seva família era propietària, i que els seus descendents conserven.",
      "observacions": "",
      "bibliografia": "Arbres amb història. (2011). Roureda monumental de la Torre. Recuperat de https://arbresambhistoria.blogspot.com/2011/03/roureda-monumental-de-la-torre.html",
      "vots": 0
    },
    {
      "id": 108,
      "nom": "Roures de la Torre II",
      "matricula": "AM19.208.02",
      "taxon": "Quercus robur  ",
      "tipologia": "",
      "terme_municipal": "Vall de Bianya  ",
      "comarca": "La Garrotxa",
      "propietat": "Privada",
      "classificacio_etnoecologica": "Ornamental - artístic, Ramader - amorriador i ombrejador",
      "informacio_etnoecologica": "Ens indiquen que les ovelles, quan hi havia grans ramats, s'hi aplegaven a sota, com també en altres grans roures que hi havia a la zona. El gran pintor Joaquim Vayreda (1843-1894) ha deixat quadres amb aquests paisatges. Un d'aquests, anomenat \"Els roures de Bianya\", fa referència als que hi ha a la finca de la Torre, de la qual la seva família era propietària, i que els seus descendents conserven.",
      "observacions": "",
      "bibliografia": "Arbres amb història. (2011). Roureda monumental de la Torre. Recuperat de https://arbresambhistoria.blogspot.com/2011/03/roureda-monumental-de-la-torre.html",
      "vots": 0
    }
  ],
  "El Ripollès": [
    {
      "id": 114,
      "nom": "Avet de la Baga de la Berruga",
      "matricula": "AM31.037.01",
      "taxon": "Abies alba",
      "tipologia": "",
      "terme_municipal": "Campelles",
      "comarca": "El Ripollès",
      "propietat": "Pública  ",
      "classificacio_etnoecologica": "",
      "informacio_etnoecologica": "Es diu Avet de la Berruga ja que està en les vessant de la Berruga, un cim situat a l’est de coll Pan, de 1785 metres d’alçada.",
      "observacions": "",
      "bibliografia": "",
      "vots": 0
    },
    {
      "id": 115,
      "nom": "Roure d'Engelats",
      "matricula": "AM31.037.02",
      "taxon": "Quercus petraea",
      "tipologia": "",
      "terme_municipal": "Campelles",
      "comarca": "El Ripollès",
      "propietat": "Privada  ",
      "classificacio_etnoecologica": "",
      "informacio_etnoecologica": "“...és un roure magnífic que té més de 25 m. d’alçària i el seu tronc, a 1,50 m. del sòl, amida 4,70 m. de perímetre”. Estem, doncs, davant un exemplar de roure que no té que envejar res al roure de Vilardell, al de Perramon o el roure Galanic de les Llosses.\nVal dir que el lloc d’Engelats ja apareix en la primera documentació escrita de Campelles de l’any 918, on s’esmenta el lloc de Engelados dins del terme de la vila rural de Campillas.\n",
      "observacions": "",
      "bibliografia": "Generalitat de Catalunya (2022). Roure d’Engelats. Recuperat de https://mediambient.gencat.cat/ca/05_ambits_dactuacio/patrimoni_natural/arbres-monumentals/am_arbres_monumentals_fitxes/ripolles-9/roure-dengelats/index.html\nVinyeta, R. (1985). El Roure d'Angelats. Dins Arbres monumentals de Catalunya. (p. 52) Torelló: Celblau.",
      "vots": 0
    },
    {
      "id": 116,
      "nom": "Roure Glanic",
      "matricula": "AM31.096.01",
      "taxon": "Quercus pubescens",
      "tipologia": "",
      "terme_municipal": "Les Lloses",
      "comarca": "El Ripollès",
      "propietat": "Privada  ",
      "classificacio_etnoecologica": "Ramader- energètic, alimentari - carbohidrats, fècula i altres",
      "informacio_etnoecologica": "Rep el nom de \"Glanic\" perquè fa les glans molt petites. També és conegut amb el nom de Roure del Païdor o Roure de Llimós. Els propietaris creuen que\nl’arbre deu tenir uns 700 o 800 anys, aproximadament, tot i que en desconeixen la data exacte.",
      "observacions": "",
      "bibliografia": "Generalitat de Catalunya (2022). Roure Glanic. Recuperat de https://mediambient.gencat.cat/ca/05_ambits_dactuacio/patrimoni_natural/arbres-monumentals/am_arbres_monumentals_fitxes/ripolles-9/roure-glanic/index.html \nVinyeta, R., (1978). Roure del Païdor. Dintre de Sant Jaume de Frontanyà i l'Alta Vall del Riu Merlès. (p. 33). Torelló: Celblau.",
      "vots": 0
    },
    {
      "id": 117,
      "nom": "Avet del Torrent de la Comella",
      "matricula": "AM31.134.01",
      "taxon": "Abies alba",
      "tipologia": "",
      "terme_municipal": "Planoles",
      "comarca": "El Ripollès",
      "propietat": "Pública  ",
      "classificacio_etnoecologica": "",
      "informacio_etnoecologica": "Conegut també com a Avet del Forn de la Calç, per la proximitat a un forn d'aquest tipus.",
      "observacions": "",
      "bibliografia": "",
      "vots": 0
    },
    {
      "id": 118,
      "nom": "Roure de Vilardell",
      "matricula": "AM31.145.01",
      "taxon": "Quercus petraea",
      "tipologia": "",
      "terme_municipal": "Ribes de Fraser",
      "comarca": "El Ripollès",
      "propietat": "Pública  ",
      "classificacio_etnoecologica": "",
      "informacio_etnoecologica": "Mort pel temporal Klaus al 2009. Edat estimada d'entre 1000 i 3300 anys. Situat en un replà al damunt de la Vall del Freser, es veu de ben lluny, i per això gaudia de molta popularitat entre la gent de la comarca",
      "observacions": "",
      "bibliografia": "Generalitat de Catalunya (2022). Roure de Vilardell. Recuperat de https://mediambient.gencat.cat/ca/05_ambits_dactuacio/patrimoni_natural/arbres-monumentals/am_arbres_monumentals_fitxes/ripolles-9/roure-de-vilardell-mi/index.html\nVinyeta, R. (1985). El Roure de Vilardell. Dins Arbres monumentals de Catalunya. (p. 77) Torelló: Celblau.",
      "vots": 0
    },
    {
      "id": 119,
      "nom": "Roure del Perramon",
      "matricula": "AM31.145.02",
      "taxon": "Quercus pubescens",
      "tipologia": "",
      "terme_municipal": "Ribes de Fraser",
      "comarca": "El Ripollès",
      "propietat": "Privada  ",
      "classificacio_etnoecologica": "",
      "informacio_etnoecologica": "",
      "observacions": "",
      "bibliografia": "",
      "vots": 0
    },
    {
      "id": 120,
      "nom": "Grèvol de Ventolà",
      "matricula": "AM31.145.03",
      "taxon": "Ilex aquifolium",
      "tipologia": "",
      "terme_municipal": "Ribes de Fraser",
      "comarca": "El Ripollès",
      "propietat": "Privada  ",
      "classificacio_etnoecologica": "Religiós, místic",
      "informacio_etnoecologica": "El terme \"Ilex\" fa referència al nom llatí de l'alzina, que li va fixar el botànic francès Joseph Pitton, ja que les fulles d'ambdues plantes s'assemblen molt. \"Aquifolium\", que és el nom clàssic del grèvol, prové d' \"acus\" que vol dir agulles i \"folius\" que vol dir fulles, al•ludint a la forma punxeguda que presenten aquestes.\nS’explica que els antics celtes el consideraven un \"arbre sagrat”; quan un home portava damunt seu una bossa amb fulles i baies, això li feia atraure la sort, i al ensems augmentava la seva capacitat d'atracció sobre les dones. Plantat prop de la casa, la protegia dels mals averanys, les malediccions i n’allunyava la mala sort. S'utilitzava en els rituals del solstici d'hivern (Nadal actual), per atraure sort i prosperitat.\nAlgunes d’aquestes ‘propietats màgiques’ s’atribuïen fins fa poca anys als llorers – sempre n’hi havia algun prop de les cases de pagès - . Pel que fa a l’augment de l’atracció, tant pels homes, com per les dones, les fulles i baies, s’han substituït ara per les monedes d’€ .",
      "observacions": "",
      "bibliografia": "Boada, M. & Boada A., (2011). Grèvol de Ventolà. Dins Arbres remarcables de Catalunya. 100 ombres colossals. (pp. 186-187) Figueres.: Brau\nConèixer Catalunya. (2011). Grèvol de Ventolà. El Ripollès. Recuperat de https://coneixercatalunya.blogspot.com/2011/11/el-grevol-de-ventola-el-ripolles.html",
      "vots": 0
    },
    {
      "id": 121,
      "nom": "Auró del Remei",
      "matricula": "AM31.039.01",
      "taxon": "Acer campestre",
      "tipologia": "",
      "terme_municipal": "Camprodon (Creixenturri)",
      "comarca": "El Ripollès",
      "propietat": "Pública  ",
      "classificacio_etnoecologica": "Religiós, polític",
      "informacio_etnoecologica": "L’Auró ha vist com fidels peregrins de la Vall de Camprodon\ni rodalies venien a donar gràcies i demanar favors a la Mare de Deu del Remei.\nTambé ha vist com una guerra fratricida (1936-39) destrossava el temple, mentre els homes es\nmataven a trets pels seus voltants. I poc després va viure intensament la retirada en la que moltíssima gent es varen veure obligats a passar per la Vall de Remei de Creixenturri per escapar cap a França, ja que el camí principal aviat va quedar bloquejat. Carme de Visa-Sitjar i de Sitjar li va dedicar el poema:\nEl vell Auró (del Remei):\n\"Ai gran arbre cansat,\nels anys i anys que han passat,\nen mig de fortes ventades,\nde terribles xafegades,\nla forta erosió del teu niu,\nel sol calent a l'estiu,\ni a l'hivern el fred intents.\nPer esculpir a consciència,\neixa gran magnificència,\nque s'ha format amb el temps.\"",
      "observacions": "",
      "bibliografia": "Generalitat de Catalunya (2022). Auró del Remei. Recuperat de https://web.archive.org/web/20160911050604/http://parcsnaturals.gencat.cat/web/.content/home/coneix-nos/arbres_monumentals/arbres_monumentals_fitxes/ripolles/auro_del_remei/auro_del_remei_fitxa.pdf\nPlantipodes-AM (2024). Auró del Remei. Recuperat de https://www.plantipodes-am.cat/fitxes/aurodelremei.html",
      "vots": 0
    },
    {
      "id": 122,
      "nom": "Avet del Torrent de la Font Tosca",
      "matricula": "AM31.037.03",
      "taxon": "Abies alba",
      "tipologia": "",
      "terme_municipal": "Campelles",
      "comarca": "El Ripollès",
      "propietat": "Pública  ",
      "classificacio_etnoecologica": "",
      "informacio_etnoecologica": "Hereu de l'Avet de la Baga de la Berruga",
      "observacions": "",
      "bibliografia": "",
      "vots": 0
    }
  ],
  "El Pla de l'Estany": [
    {
      "id": 110,
      "nom": "Aulina Reclamadora de Puigsaguàrdia",
      "matricula": "AM28.071.01",
      "taxon": "Quercus ilex ilex",
      "tipologia": "",
      "terme_municipal": "Fontcoberta ",
      "comarca": "El Pla de l'Estany",
      "propietat": "Privada",
      "classificacio_etnoecologica": "Alimentari - reclamadors de proteïnes",
      "informacio_etnoecologica": "Aulina o alzina també anomenada \"Aulina Reclamadora de la Rajoleria o dels Costers\", modelada per l’home amb la finalitat de capturar ocells, sobretot tords. Es reclamaven fent sonar una mena de xiulet i esperant que quedessin envescats.",
      "observacions": "",
      "bibliografia": "Boada, M. & Boada A., (2011). Alzines Reclamadores de l'omeda i de Puig sa Guàrdia. Dins Arbres remarcables de Catalunya. 100 ombres colossals. (pp. 170-171) Figueres.: Brau\nGeneralitat de Catalunya (2022). Aulina Reclamadora de Puigsaguàrdia. Recuperat de https://mediambient.gencat.cat/ca/05_ambits_dactuacio/patrimoni_natural/arbres-monumentals/am_arbres_monumentals_fitxes/pla-de-lestany-4/aulina-reclamadora-de-puigsaguardia/index.html   \n",
      "vots": 0
    },
    {
      "id": 111,
      "nom": "Aulina Reclamadora de l'Omeda",
      "matricula": "AM28.071.02",
      "taxon": "Quercus ilex ilex",
      "tipologia": "",
      "terme_municipal": "Fontcoberta ",
      "comarca": "El Pla de l'Estany",
      "propietat": "Privada",
      "classificacio_etnoecologica": "Alimentari - reclamadors de proteïnes",
      "informacio_etnoecologica": "Les alzines monumentals de Fontcoberta s'anomenen Reclamadores perquè els caçadors de la zona les feien servir per amagar-s'hi i, fent sonar el xiulet, esperaven que els ocells hi quedessin envescats. Són unes alzines clarament modelades per la mà humana, per això tenen aquesta curiosa forma arrodonida. També sabem que aquestes alzines eren utilitzades al final de la Guerra Civil com a referència a la gent que fugia cap a França. També està afectada pel banyarriquer del roure (Cerambyx cerdo), la qual cosa fa què es trenquin algunes branques i en certs moment tingui una pàrt dela capçada sense cobrir. \"Alzina Reclamadora\" ha donat nom a l'escola de Fontcoberta.",
      "observacions": "",
      "bibliografia": "Boada, M. & Boada A., (2011). Alzines Reclamadores de l'omeda i de Puig sa Guàrdia. Dins Arbres remarcables de Catalunya. 100 ombres colossals. (pp. 170-171) Figueres.: Brau\nPlantipodes-AM (2024). Aulina Reclamadora de l'Omeda. Recuperat de\nhttps://www.plantipodes-am.cat/fitxes/aulinaomeda.html",
      "vots": 0
    },
    {
      "id": 112,
      "nom": "Castanyer del pla de Sant Nicolau",
      "matricula": "AM28.174.01",
      "taxon": "Castanea sativa",
      "tipologia": "",
      "terme_municipal": "Sant Miquel de Campmajor  ",
      "comarca": "El Pla de l'Estany",
      "propietat": "Privada",
      "classificacio_etnoecologica": "Alimentari - carbohidrats, fècula i altres",
      "informacio_etnoecologica": "Aquest impressionant castanyer és molt popular a la zona i és tan gros que la seva massa arbòria sorprèn a tot visitant. \"És un indret molt concorregut, car al costat del pla herbat hi ha l'església romànica de Sant Nicolau i una ben arranjada font de cabal perenne, on a l'estiu no hi manca mai la concurrència\" R. Vinyeta, 1985, el situa al terme municipal veí de Canet d'Adri, Gironès",
      "observacions": "",
      "bibliografia": "Generalitat de Catalunya (2022). Castanyer del pla de Sant Nicolau. Recuperat de https://mediambient.gencat.cat/ca/05_ambits_dactuacio/patrimoni_natural/arbres-monumentals/am_arbres_monumentals_fitxes/pla-de-lestany-4/castanyer-del-pla-de-sant-nicolau/index.html",
      "vots": 0
    },
    {
      "id": 113,
      "nom": "Alzina de la Casa Nova de Vilafreser",
      "matricula": "AM28.218.01",
      "taxon": "Quercus ilex ilex",
      "tipologia": "",
      "terme_municipal": "Vilademuls",
      "comarca": "El Pla de l'Estany",
      "propietat": "Privada  ",
      "classificacio_etnoecologica": "Ramader - amorriador i ombrejadors",
      "informacio_etnoecologica": "Una antiga dita entre els veïns deia que si algú jeia a sota la seva ombra quan estava acalorat a l'estiu, es refredava segur. Era un indret molt frescal, on ni les ovelles s'hi\nvolien estar quan, antigament, les reunien a la seva ombra.",
      "observacions": "",
      "bibliografia": "Plantipodes-AM (2024). Alzina de la Casanova de Vilafreser. Recuperat de https://www.plantipodes-am.cat/fitxes/alzinacasanovavilafreser.html  \nCosta, E. & Pontacq, J., & Porxas, J., (1995). Arbres monumentals, 161 plantes d'anomenada del Pla de l'Estany. Figueres: Brau",
      "vots": 0
    }
  ],
  "Cerdanya": [
    {
      "id": 95,
      "nom": "Avets de Das",
      "matricula": "AMprevist15.061.01",
      "taxon": "Abies sp.",
      "tipologia": "",
      "terme_municipal": "Das",
      "comarca": "Cerdanya",
      "propietat": "Privada  ",
      "classificacio_etnoecologica": "Funcional - fites",
      "informacio_etnoecologica": "Coneguts popularment, com a \"Pins de Das\", amb el paisatge nevat, servien de punt d'orientació per als contrabandistes que sortien d'Andorra pel coll de Perafita.\nDurant molts anys, per la festa major del poble s'havien fet grans ballades de sardanes.",
      "observacions": "",
      "bibliografia": "Generalitat de Catalunya (2021). Avets de Das I, II, III. Recuperat de https://mediambient.gencat.cat/ca/05_ambits_dactuacio/patrimoni_natural/arbres-monumentals/am_arbres_monumentals_fitxes/cerdanya-2/avets-de-das-i-ii-iii/index.html",
      "vots": 0
    },
    {
      "id": 96,
      "nom": "Avets de les Bagues",
      "matricula": "AM15.913.01",
      "taxon": "Abies alba",
      "tipologia": "",
      "terme_municipal": "Riu de Cerdanya",
      "comarca": "Cerdanya",
      "propietat": "Pública  ",
      "classificacio_etnoecologica": "",
      "informacio_etnoecologica": "",
      "observacions": "",
      "bibliografia": "",
      "vots": 0
    }
  ]
}